                  epoch,         train/box_loss,         train/cls_loss,         train/dfl_loss,   metrics/precision(B),      metrics/recall(B),       metrics/mAP50(B),    metrics/mAP50-95(B),           val/box_loss,           val/cls_loss,           val/dfl_loss,                 lr/pg0,                 lr/pg1,                 lr/pg2
                      0,                 2.0886,                 2.7082,                 1.9517,                0.26362,                0.25732,                0.20969,                0.06748,                 2.3565,                 2.4358,                 2.4236,             0.00046922,             0.00046922,             0.00046922
                      1,                 2.1203,                 2.1525,                 1.9218,                0.29133,                0.29255,                0.18755,                0.05826,                 2.5772,                 3.0397,                  2.607,             0.00093932,             0.00093932,             0.00093932
                      2,                 2.1934,                 2.1795,                 1.9726,                0.13076,                0.32916,                0.10496,                0.03386,                 2.8143,                 11.266,                 2.9466,              0.0014031,              0.0014031,              0.0014031
                      3,                 2.1979,                  2.375,                 2.0313,                0.28137,                0.32573,                 0.2259,                0.07233,                 2.5412,                 2.8634,                 2.4706,              0.0014007,              0.0014007,              0.0014007
                      4,                 2.1518,                 2.2588,                 1.9748,                0.34123,                0.30169,                0.24975,                0.08697,                 2.3714,                 2.6689,                 2.4063,              0.0014007,              0.0014007,              0.0014007
                      5,                 2.1072,                  2.012,                 1.9229,                0.43231,                0.34139,                0.29517,                0.10507,                  2.291,                 2.3477,                 2.2833,              0.0013913,              0.0013913,              0.0013913
                      6,                 2.0853,                  2.019,                 1.9307,                0.52087,                0.37007,                0.40942,                0.12991,                 2.2798,                 2.1432,                 2.2657,              0.0013818,              0.0013818,              0.0013818
                      7,                 2.0533,                  1.824,                 1.8693,                0.38776,                0.29865,                0.25791,                 0.0899,                 2.4325,                 2.3441,                 2.3449,              0.0013724,              0.0013724,              0.0013724
                      8,                 2.0383,                 1.8507,                 1.8968,                  0.432,                0.36357,                0.32359,                 0.1133,                 2.2957,                 2.2294,                 2.2339,               0.001363,               0.001363,               0.001363
                      9,                  2.019,                 1.8382,                 1.8795,                0.46707,                0.36246,                  0.358,                0.12134,                 2.2824,                 2.0314,                 2.2228,              0.0013535,              0.0013535,              0.0013535
                     10,                 2.0088,                  1.741,                 1.8618,                0.53845,                0.45146,                0.45135,                0.17123,                 2.1681,                   1.83,                 2.1914,              0.0013441,              0.0013441,              0.0013441
                     11,                 1.9925,                 1.7998,                 1.8689,                0.45408,                0.45686,                0.43367,                0.16237,                 2.0904,                 1.8431,                 2.1292,              0.0013347,              0.0013347,              0.0013347
                     12,                 1.9299,                 1.6383,                 1.7878,                0.54318,                0.50303,                0.50645,                0.18798,                 2.2013,                 1.7007,                 2.1582,              0.0013253,              0.0013253,              0.0013253
                     13,                 1.9744,                 1.6234,                 1.8279,                0.55053,                0.46731,                0.43196,                0.16185,                 2.1838,                 1.8841,                 2.1617,              0.0013158,              0.0013158,              0.0013158
                     14,                  1.897,                 1.5853,                 1.8053,                0.56206,                0.49562,                0.46596,                0.17006,                 2.1985,                 1.8023,                 2.0889,              0.0013064,              0.0013064,              0.0013064
                     15,                 1.8957,                 1.5336,                  1.751,                0.60185,                0.44115,                0.50491,                0.19628,                 2.1222,                 1.7918,                 2.0981,               0.001297,               0.001297,               0.001297
                     16,                 1.8747,                 1.5004,                 1.7339,                0.54296,                0.53451,                0.50111,                0.19429,                 2.1247,                 1.6932,                 2.0764,              0.0012875,              0.0012875,              0.0012875
                     17,                 1.8571,                 1.4313,                 1.7312,                0.53361,                0.53788,                0.51263,                0.19733,                 2.1829,                 1.8375,                 2.1331,              0.0012781,              0.0012781,              0.0012781
                     18,                 1.8355,                 1.4225,                 1.7307,                0.60355,                 0.4994,                0.51798,                 0.1919,                 2.1976,                 1.7251,                  2.132,              0.0012687,              0.0012687,              0.0012687
                     19,                 1.8574,                 1.4484,                 1.7428,                0.67114,                0.52015,                0.54303,                 0.2216,                  2.146,                 1.7381,                 2.1043,              0.0012592,              0.0012592,              0.0012592
                     20,                 1.8249,                 1.3757,                  1.714,                0.56431,                0.53173,                0.52398,                0.20741,                 2.1781,                 1.7631,                 2.1776,              0.0012498,              0.0012498,              0.0012498
                     21,                 1.8121,                 1.3532,                  1.729,                 0.6516,                 0.4766,                0.55336,                0.21639,                 2.1758,                 1.6249,                 2.1825,              0.0012404,              0.0012404,              0.0012404
                     22,                 1.7819,                 1.3335,                 1.6755,                0.65671,                0.54404,                0.59993,                0.23704,                 2.1234,                 1.6328,                 2.1221,              0.0012309,              0.0012309,              0.0012309
                     23,                 1.7555,                 1.3204,                  1.669,                0.65426,                0.59497,                0.58445,                 0.2309,                 2.1435,                 1.5631,                 2.1334,              0.0012215,              0.0012215,              0.0012215
                     24,                 1.7469,                 1.2777,                 1.6748,                0.58148,                0.54427,                0.55144,                0.21562,                  2.147,                 1.5705,                 2.1036,              0.0012121,              0.0012121,              0.0012121
                     25,                 1.7592,                 1.2323,                 1.6663,                0.61158,                0.50998,                0.53628,                0.21037,                 2.1295,                 1.6002,                 2.0905,              0.0012026,              0.0012026,              0.0012026
                     26,                  1.766,                 1.2624,                 1.6613,                0.55855,                0.57014,                0.51916,                0.18872,                 2.2023,                 1.5514,                 2.1579,              0.0011932,              0.0011932,              0.0011932
                     27,                 1.7651,                 1.2812,                 1.6766,                 0.6664,                0.53861,                0.54773,                 0.2113,                 2.2124,                 1.6255,                 2.1865,              0.0011838,              0.0011838,              0.0011838
                     28,                 1.7091,                 1.2615,                 1.6506,                0.57513,                0.58527,                0.57837,                0.22996,                 2.1565,                 1.6106,                 2.1739,              0.0011744,              0.0011744,              0.0011744
                     29,                 1.7587,                 1.2667,                 1.6404,                0.62471,                0.52979,                0.55311,                0.22709,                 2.1506,                 1.5671,                 2.0998,              0.0011649,              0.0011649,              0.0011649
                     30,                  1.696,                 1.1954,                 1.6205,                0.65009,                0.57593,                0.59042,                0.22734,                 2.1931,                 1.6184,                  2.131,              0.0011555,              0.0011555,              0.0011555
                     31,                  1.713,                 1.1753,                 1.6218,                0.69481,                0.52538,                 0.5827,                0.23282,                 2.1343,                 1.5383,                 2.1125,              0.0011461,              0.0011461,              0.0011461
                     32,                 1.7046,                 1.1464,                 1.6224,                0.68137,                0.55426,                 0.5956,                0.23579,                 2.1935,                 1.5411,                 2.1861,              0.0011366,              0.0011366,              0.0011366
                     33,                 1.6613,                 1.1056,                 1.5984,                0.67994,                0.51526,                0.56806,                0.21372,                 2.1936,                 1.5804,                 2.1718,              0.0011272,              0.0011272,              0.0011272
                     34,                 1.6835,                 1.1346,                 1.6119,                0.71021,                0.60957,                0.62859,                0.24376,                 2.1331,                 1.5048,                 2.0776,              0.0011178,              0.0011178,              0.0011178
                     35,                 1.6717,                  1.092,                  1.595,                0.72212,                0.56048,                0.60401,                0.25473,                 2.1572,                 1.5915,                 2.0867,              0.0011083,              0.0011083,              0.0011083
                     36,                 1.6558,                 1.1113,                 1.5979,                0.67586,                0.58856,                 0.6216,                0.24197,                 2.1645,                 1.5573,                 2.1602,              0.0010989,              0.0010989,              0.0010989
                     37,                  1.661,                 1.0634,                 1.5779,                0.63067,                0.60132,                  0.575,                0.22323,                 2.1746,                 1.4961,                 2.1343,              0.0010895,              0.0010895,              0.0010895
                     38,                 1.6345,                 1.0672,                 1.5672,                0.68625,                0.58339,                0.60482,                0.24906,                 2.1621,                 1.5414,                 2.1221,                0.00108,                0.00108,                0.00108
                     39,                 1.6345,                 1.0594,                 1.5604,                0.60505,                0.59577,                0.54863,                 0.2143,                 2.2078,                 1.5457,                 2.1264,              0.0010706,              0.0010706,              0.0010706
                     40,                 1.6237,                 1.0322,                 1.5481,                0.67109,                0.55225,                0.58414,                0.24151,                 2.1996,                 1.4185,                 2.1457,              0.0010612,              0.0010612,              0.0010612
                     41,                 1.5885,                0.99646,                 1.5127,                0.64621,                0.58565,                0.62701,                0.26457,                 2.1395,                 1.4837,                 2.0985,              0.0010517,              0.0010517,              0.0010517
                     42,                 1.5763,                0.97264,                 1.5208,                0.59859,                0.64373,                0.58755,                0.22804,                 2.2193,                 1.5187,                 2.1631,              0.0010423,              0.0010423,              0.0010423
                     43,                 1.5729,                   0.99,                 1.5296,                0.59462,                0.64684,                0.58612,                0.23932,                 2.1879,                 1.4843,                 2.1344,              0.0010329,              0.0010329,              0.0010329
                     44,                 1.5629,                0.96702,                  1.512,                0.61867,                0.64809,                0.61982,                0.23801,                 2.1819,                 1.4614,                 2.1493,              0.0010234,              0.0010234,              0.0010234
                     45,                 1.5352,                0.97108,                 1.5185,                0.63786,                0.64495,                0.61138,                0.24075,                 2.2022,                 1.4794,                 2.1779,               0.001014,               0.001014,               0.001014
                     46,                 1.5339,                0.93136,                 1.4899,                0.62158,                  0.613,                 0.6076,                0.24127,                 2.2472,                 1.5066,                 2.2207,              0.0010046,              0.0010046,              0.0010046
                     47,                 1.5407,                0.93281,                 1.5097,                 0.6446,                0.52777,                0.58417,                0.24143,                 2.2161,                 1.5251,                 2.1644,             0.00099516,             0.00099516,             0.00099516
                     48,                 1.5579,                0.93165,                 1.4864,                 0.6559,                0.59922,                0.58629,                0.22793,                 2.2526,                 1.4242,                 2.2063,             0.00098572,             0.00098572,             0.00098572
                     49,                 1.5214,                0.91516,                 1.4897,                0.69082,                0.59416,                0.61098,                0.25476,                 2.1898,                 1.4719,                  2.142,             0.00097629,             0.00097629,             0.00097629
                     50,                 1.4954,                0.92537,                 1.4684,                0.66605,                0.60912,                0.60081,                0.23836,                 2.2176,                 1.4173,                 2.1859,             0.00096686,             0.00096686,             0.00096686
                     51,                  1.492,                 0.9232,                 1.4741,                0.74631,                0.59755,                0.65565,                0.27536,                 2.1665,                 1.4511,                 2.1652,             0.00095743,             0.00095743,             0.00095743
                     52,                 1.4904,                 0.9116,                 1.4856,                0.68911,                0.65105,                 0.6356,                0.25021,                 2.2134,                 1.4345,                  2.182,               0.000948,               0.000948,               0.000948
                     53,                 1.4952,                 0.8871,                  1.478,                0.62631,                0.61114,                0.60908,                0.24167,                 2.2795,                 1.5287,                  2.217,             0.00093857,             0.00093857,             0.00093857
                     54,                 1.4906,                0.90006,                 1.4761,                0.63564,                0.61944,                0.60386,                0.25416,                 2.2028,                 1.4863,                 2.1689,             0.00092914,             0.00092914,             0.00092914
                     55,                 1.4842,                0.89412,                 1.4644,                0.67348,                0.62045,                0.64319,                0.25982,                 2.2165,                  1.413,                 2.2049,              0.0009197,              0.0009197,              0.0009197
                     56,                 1.4574,                0.89023,                  1.451,                0.72103,                0.55704,                0.63666,                0.26235,                 2.1964,                 1.4463,                 2.1542,             0.00091027,             0.00091027,             0.00091027
                     57,                 1.4575,                 0.8542,                 1.4589,                0.66402,                0.59613,                0.60771,                 0.2397,                 2.1971,                 1.4207,                 2.1709,             0.00090084,             0.00090084,             0.00090084
                     58,                 1.4388,                0.86802,                 1.4443,                0.52664,                 0.6258,                0.56421,                0.22811,                 2.2516,                 1.5023,                 2.2042,             0.00089141,             0.00089141,             0.00089141
                     59,                 1.4362,                0.83985,                 1.4364,                0.70551,                0.55525,                0.61961,                0.23832,                 2.2006,                 1.4491,                 2.1804,             0.00088198,             0.00088198,             0.00088198
                     60,                 1.4173,                 0.8222,                 1.4211,                0.61171,                 0.6345,                0.62578,                0.25552,                 2.2235,                 1.5354,                 2.1968,             0.00087255,             0.00087255,             0.00087255
                     61,                 1.4017,                0.81106,                  1.405,                0.66643,                0.60479,                0.61284,                0.24726,                 2.2047,                  1.467,                 2.2064,             0.00086312,             0.00086312,             0.00086312
                     62,                 1.3633,                0.80264,                 1.3999,                0.70247,                0.58237,                0.63471,                 0.2703,                  2.185,                 1.5986,                 2.1558,             0.00085368,             0.00085368,             0.00085368
                     63,                 1.4093,                0.81241,                 1.4252,                0.66578,                0.55256,                0.61999,                0.24506,                 2.2309,                 1.5867,                 2.2264,             0.00084425,             0.00084425,             0.00084425
                     64,                 1.3797,                0.79377,                 1.4044,                0.70086,                0.61263,                0.64053,                0.26005,                 2.2383,                 1.4102,                 2.1965,             0.00083482,             0.00083482,             0.00083482
                     65,                 1.3603,                0.80975,                 1.3915,                0.74496,                0.61022,                0.65667,                0.26169,                 2.2287,                 1.4591,                 2.1904,             0.00082539,             0.00082539,             0.00082539
                     66,                 1.4012,                0.78185,                 1.3954,                0.69346,                 0.6154,                0.65005,                0.24911,                 2.2347,                 1.4106,                 2.2164,             0.00081596,             0.00081596,             0.00081596
                     67,                 1.3992,                0.81139,                 1.4072,                0.69212,                0.63352,                 0.6378,                0.26341,                 2.1944,                 1.4586,                 2.2197,             0.00080653,             0.00080653,             0.00080653
                     68,                  1.341,                0.78017,                 1.3877,                0.68143,                 0.5465,                0.59316,                0.24821,                 2.1965,                 1.6275,                 2.2159,              0.0007971,              0.0007971,              0.0007971
                     69,                 1.3575,                0.76921,                 1.3832,                0.63338,                0.63148,                0.58876,                0.24218,                 2.2123,                 1.4767,                 2.2127,             0.00078766,             0.00078766,             0.00078766
                     70,                 1.3553,                0.77565,                 1.3724,                0.69812,                0.57775,                0.60893,                0.24471,                  2.235,                 1.5747,                 2.1932,             0.00077823,             0.00077823,             0.00077823
                     71,                 1.3126,                0.76542,                 1.3643,                0.64194,                0.64766,                0.61642,                0.24091,                 2.2621,                 1.4546,                 2.2385,              0.0007688,              0.0007688,              0.0007688
